Commodity,PALLFNF,PEXGALL,PNFUEL,PFANDB,PFOOD,PBEVE,PINDU,PAGRI,PRAWM,PALLMETA,PMETA,PPMETA,PEXGMETA,PFERT,PNRG,POILAPSP,PNGAS,PCOAL
Commodity.Description,"All Commodity Price Index, 2016 = 100, includes both Fuel and Non-Fuel Price Indices","Commodities for Index: All, excluding Gold, 2016 = 100","Non-Fuel Price Index, 2016 = 100, includes Precious Metal, Food and Beverages and Industrial Inputs Price Indices","Food and Beverage Price Index, 2016 = 100, includes Food and Beverage Price Indices","Food Price Index, 2016 = 100, includes Cereal, Vegetable Oils, Meat, Seafood, Sugar, and Other Food (Apple (non-citrus fruit), Bananas, Chana (legumes), Fishmeal, Groundnuts, Milk (dairy), Tomato (veg)) Price Indices","Beverage Price Index, 2016 = 100, includes Coffee, Tea, and Cocoa","Industrial Inputs Price Index, 2016 = 100, includes Agricultural Raw Materials and Base Metals Price Indices","Agriculture Price Index, 2016 = 100, includes Food and Beverages and Agriculture Raw Materials Price Indices","Agricultural Raw Materials Index, 2016 = 100, includes Timber, Cotton, Wool, Rubber, and Hides Price Indices","All Metals Index, 2016 = 100: includes Metal Price Index (Base Metals) and Precious Metals Index","Base Metals Price Index, 2016 = 100, includes Aluminum, Cobalt, Copper, Iron Ore, Lead, Molybdenum, Nickel, Tin, Uranium and Zinc Price Indices","Precious Metals Price Index, 2016 = 100, includes Gold, Silver, Palladium and Platinum Price Indices","All Metals EX GOLD Index, 2016 = 100: includes Metal Price Index (Base Metals) and ONLY Silver, Palladium, Platinum ","Fertilizer Index, 2016 = 100, includes DAP, Potash, UREA","Fuel (Energy) Index, 2016 = 100, includes Crude oil (petroleum), Natural Gas, Coal Price and Propane Indices","Crude Oil (petroleum), Price index, 2016 = 100, simple average of three spot prices; Dated Brent, West Texas Intermediate, and the Dubai Fateh","Natural Gas Price Index, 2016 = 100, includes European, Japanese, and American Natural Gas Price Indices","Coal Price Index, 2016 = 100, includes Australian and South African Coal"
Data Type,Index,Index,Index,Index,Index,Index,Index,Index,Index,Index,Index,Index,Index,Index,Index,Index,Index,Index
Frequency,Monthly,Monthly,Monthly,Monthly,Monthly,Monthly,Monthly,Monthly,Monthly,Monthly,Monthly,Monthly,Monthly,Monthly,Monthly,Monthly,Monthly,Monthly
1990M1,,,,,,"49,20",,,"72,86",,,"33,10",,,,,,"51,17"
1990M2,,,,,,"49,95",,,"73,45",,,"33,70",,,,,,"51,17"
1990M3,,,,,,"54,43",,,"74,17",,,"31,81",,,,,,"51,17"
1990M4,,,,,,"56,29",,,"76,02",,,"30,42",,,,,,"51,17"
1990M5,,,,,,"55,92",,,"75,42",,,"30,08",,,,,,"54,12"
1990M6,,,,,,"53,06",,,"75,56",,,"28,81",,,,,,"55,28"
1990M7,,,,,,"52,83",,,"76,24",,,"29,49",,,,,,"55,28"
1990M8,,,,,,"54,51",,,"73,87",,,"31,84",,,,,,"55,28"
1990M9,,,,,,"56,44",,,"73,20",,,"31,27",,,,,,"55,28"
1990M10,,,,,,"56,64",,,"73,16",,,"30,33",,,,,,"55,28"
1990M11,,,,,,"55,62",,,"73,03",,,"30,30",,,,,,"55,28"
1990M12,,,,,,"55,88",,,"72,66",,,"29,88",,,,,,"55,28"
1991M1,,,,,,"54,15",,,"71,25",,,"30,31",,,,"51,90",,"55,28"
1991M2,,,,,,"52,87",,,"72,49",,,"28,75",,,,"41,62",,"55,28"
1991M3,,,,,,"53,02",,,"71,06",,,"28,77",,,,"42,71",,"52,24"
1991M4,,,,,,"52,10",,,"71,90",,,"28,50",,,,"44,27",,"52,24"
1991M5,,,,,,"48,77",,,"72,82",,,"28,39",,,,"45,10",,"52,24"
1991M6,,,,,,"47,46",,,"74,04",,,"29,16",,,,"43,61",,"52,24"
1991M7,,,,,,"45,93",,,"72,27",,,"29,20",,,,"46,60",,"52,24"
1991M8,,,,,,"47,39",,,"71,03",,,"28,12",,,,"46,78",,"52,24"
1991M9,,,,,,"50,70",,,"71,49",,,"27,60",,,,"47,73",,"52,24"
1991M10,,,,,,"49,69",,,"70,08",,,"28,40",,,,"51,26",,"52,24"
1991M11,,,,,,"51,33",,,"68,82",,,"28,45",,,,"47,72",,"52,24"
1991M12,,,,,,"51,10",,,"68,76",,,"28,49",,,,"40,52",,"52,24"
1992M1,,,,"64,46","65,82","48,47","52,71","64,82","67,20","37,32","46,95","28,02","44,53",,"45,01","40,23","54,52","52,24"
1992M2,,,,"64,67","66,41","44,12","53,97","65,13","68,20","38,02","48,32","28,05","45,84",,"44,36","41,09","49,91","52,24"
1992M3,,,,"65,51","67,33","44,01","54,01","65,91","68,57","37,60","48,22","27,34","45,72",,"44,02","41,17","50,53","52,24"
1992M4,,,,"62,78","64,46","42,97","55,42","64,04","72,51","37,58","48,63","26,89","46,02",,"46,56","44,09","51,97","52,24"
1992M5,,,,"64,73","66,75","40,90","55,34","65,70","72,27","37,53","48,61","26,83","46,05",,"48,60","45,57","54,75","52,24"
1992M6,,,,"61,87","63,75","39,67","55,57","63,28","72,80","37,75","48,73","27,13","46,18",,"51,08","47,92","55,87","50,69"
1992M7,,,,"60,73","62,35","41,55","57,27","62,37","73,51","39,20","50,82","27,97","48,09",,"50,27","45,31","58,47","49,14"
1992M8,,,,"61,87","63,56","41,85","56,51","63,13","71,69","38,62","50,47","27,17","47,64",,"50,04","43,65","61,64","49,14"
1992M9,,,,"61,68","63,34","42,14","55,49","62,95","71,49","38,05","49,13","27,33","46,47",,"51,59","44,89","64,06","49,14"
1992M10,,,,"60,90","62,35","43,76","53,33","62,31","71,84","36,49","45,98","27,32","43,65",,"51,76","45,26","67,65","47,53"
1992M11,,,,"58,53","59,57","46,20","51,93","60,28","72,11","35,12","43,91","26,62","41,82",,"49,20","44,15","65,67","45,93"
1992M12,,,,"60,84","61,77","49,84","52,65","62,33","72,43","35,57","44,79","26,66","42,65",,"47,29","41,84","64,52","45,93"
1993M1,,,,"60,61","61,77","46,96","52,47","62,17","72,73","35,18","44,41","26,25","42,31",,"46,03","40,55","62,88","45,93"
1993M2,,,,"60,56","61,86","45,19","53,53","62,68","77,02","35,07","44,19","26,26","42,10",,"46,90","43,04","60,37","43,07"
1993M3,,,,"63,13","64,81","43,26","53,20","65,14","78,73","34,51","43,04","26,26","41,04",,"48,48","43,42","65,80","43,07"
1993M4,,,,"62,85","64,65","41,57","53,53","65,55","83,80","34,29","41,50","27,31","39,85",,"48,87","42,29","68,29","43,07"
1993M5,,,,"63,59","65,36","42,65","54,08","66,84","88,81","34,70","40,28","29,30","39,00",,"47,77","41,56","65,49","43,07"
1993M6,,,,"61,30","62,91","42,27","53,84","64,64","87,26","35,01","40,56","29,65","39,24",,"46,04","39,91","63,29","43,07"
1993M7,,,,"62,56","63,95","46,09","54,20","65,89","88,41","35,95","40,60","31,45","39,60",,"44,42","38,14","63,84","43,07"
1993M8,,,,"62,48","63,50","50,37","52,74","65,36","84,86","35,09","39,97","30,37","38,93",,"45,02","37,97","66,83","43,07"
1993M9,,,,"62,85","63,56","54,48","51,34","65,57","83,95","33,24","38,38","28,27","37,17",,"43,66","36,12","65,32","43,07"
1993M10,,,,"62,75","63,56","53,21","50,49","65,52","84,27","32,93","37,06","28,93","36,08",,"43,97","37,83","61,74","43,07"
1993M11,,,,"62,47","63,16","54,27","49,86","65,09","82,87","33,24","36,75","29,84","35,88",,"42,35","35,18","65,48","43,07"
1993M12,,,,"67,22","68,22","55,46","51,25","69,24","82,91","34,59","38,66","30,65","37,73",,"38,66","31,29","62,15","42,69"
1994M1,,,,"66,64","67,83","52,63","52,89","69,00","84,94","35,50","40,15","30,99","39,12",,"40,24","33,44","62,64","43,07"
1994M2,,,,"67,56","68,70","53,98","55,13","70,31","88,92","36,13","41,69","30,75","40,58",,"40,75","32,12","67,83","43,07"
1994M3,,,,"68,24","69,17","57,23","55,26","70,94","89,16","36,28","41,79","30,95","40,74",,"38,94","31,64","59,61","42,00"
1994M4,,,,"67,05","67,70","59,42","56,46","70,63","94,84","35,73","41,21","30,44","40,19",,"41,13","34,97","58,38","42,00"
1994M5,,,,"67,84","67,25","74,81","58,71","71,36","95,21","37,38","44,20","30,79","42,89",,"43,10","37,64","56,95","43,36"
1994M6,,,,"67,13","65,55","85,76","61,37","71,15","98,35","38,75","46,68","31,09","45,10",,"44,80","39,14","58,27","46,09"
1994M7,,,,"69,21","65,08","117,97","61,87","72,77","96,86","39,40","47,97","31,11","46,29",,"46,22","40,14","58,74","45,74"
1994M8,,,,"69,18","65,42","113,55","61,19","72,80","97,27","38,68","46,86","30,78","45,29",,"43,95","37,84","55,71","45,74"
1994M9,,,,"70,36","65,77","124,58","62,48","73,56","95,24","40,43","49,46","31,69","47,73",,"42,25","35,72","53,92","46,12"
1994M10,,,,"70,00","66,16","115,41","63,60","73,08","93,88","41,38","51,57","31,52","49,60",,"43,18","36,16","54,33","47,48"
1994M11,,,,"66,82","63,45","106,59","67,08","70,39","94,58","43,39","56,16","31,05","53,58",,"44,51","37,91","54,33","47,29"
1994M12,,,,"70,67","68,61","94,98","69,87","74,25","98,50","44,28","58,49","30,54","55,51",,"43,19","36,03","55,71","50,59"
1995M1,,,,"69,08","66,72","97,05","73,36","73,23","101,30","46,11","62,26","30,50","58,88",,"44,37","37,34","54,84","52,86"
1995M2,,,,"69,86","67,50","97,78","71,17","74,26","104,03","43,99","58,11","30,34","55,18",,"45,49","38,27","56,04","53,60"
1995M3,,,,"71,37","68,66","103,38","71,14","76,13","108,30","43,32","56,36","30,72","53,63",,"45,70","36,64","57,18","54,33"
1995M4,,,,"68,86","66,10","101,55","71,67","74,08","109,42","44,03","56,67","31,81","54,30",,"48,35","38,60","59,47","53,64"
1995M5,,,,"67,93","65,28","99,31","70,42","73,28","109,40","42,94","54,93","31,34","52,70",,"47,91","38,35","59,41","54,83"
1995M6,,,,"68,21","66,26","91,23","70,73","72,96","105,09","44,04","57,08","31,43","54,55",,"46,19","35,95","59,63","56,17"
1995M7,,,,"70,45","69,14","85,91","70,72","74,14","99,11","45,10","59,43","31,25","56,56",,"43,54","33,43","56,58","57,35"
1995M8,,,,"70,66","68,89","91,57","69,75","73,75","94,68","45,22","59,84","31,09","56,93",,"44,23","35,39","56,56","56,88"
1995M9,,,,"70,36","69,28","83,07","67,97","73,58","95,41","43,84","57,06","31,06","54,47",,"44,98","36,63","57,98","57,09"
1995M10,,,,"71,41","70,55","81,49","66,23","74,29","93,78","42,90","55,28","30,94","52,78",,"44,47","35,01","60,55","56,98"
1995M11,,,,"70,91","70,06","80,89","68,75","74,42","98,20","43,85","57,04","31,09","54,32",,"45,83","36,47","62,48","56,24"
1995M12,,,,"75,09","75,46","70,78","67,75","77,91","96,95","43,44","56,15","31,15","53,46",,"49,71","39,14","71,80","55,25"
1996M1,,,,"73,67","73,95","70,43","65,52","76,46","95,35","42,73","53,67","32,15","51,36",,"50,23","39,28","75,85","55,06"
1996M2,,,,"76,03","76,01","76,25","65,85","78,45","94,79","43,28","54,35","32,58","52,08",,"52,77","39,08","88,86","54,61"
1996M3,,,,"75,68","75,99","72,00","66,35","78,30","96,00","43,05","54,57","31,92","52,20",,"53,03","43,12","76,45","53,38"
1996M4,,,,"78,89","79,33","73,63","65,54","80,76","93,39","42,86","54,48","31,62","52,05",,"53,48","46,37","67,83","54,19"
1996M5,,,,"80,27","80,65","75,87","66,66","82,30","95,98","43,05","55,01","31,50","52,48",,"50,62","42,87","67,68","53,08"
1996M6,,,,"77,18","77,47","73,81","63,53","79,67","96,51","40,50","50,42","30,91","48,29",,"50,30","41,70","70,89","52,40"
1996M7,,,,"77,90","78,67","68,77","61,23","79,97","93,96","39,35","48,22","30,77","46,32",,"52,15","43,72","71,80","52,31"
1996M8,,,,"76,91","77,47","70,20","61,31","79,11","94,02","39,54","48,31","31,07","46,42",,"52,13","44,89","65,25","52,22"
1996M9,,,,"71,02","71,34","67,24","61,26","74,22","95,83","38,95","47,52","30,66","45,64",,"55,42","49,56","62,17","53,09"
1996M10,,,,"68,66","68,74","67,69","60,06","71,94","94,12","38,35","46,52","30,46","44,68",,"59,57","52,76","71,01","53,41"
1996M11,,,,"68,43","68,58","66,75","62,13","71,87","95,08","39,48","49,03","30,23","46,88",,"60,47","49,66","83,47","51,97"
1996M12,,,,"72,72","73,48","63,71","61,18","75,12","91,35","39,19","49,19","29,52","46,97",,"64,53","52,99","92,88","52,42"
1997M1,,,,"72,63","73,04","67,80","63,52","75,31","93,43","39,87","51,63","28,50","49,10",,"61,82","53,34","86,05","51,97"
1997M2,,,,"73,89","73,60","77,26","64,17","76,43","93,61","40,08","52,47","28,09","50,02",,"53,67","48,07","70,81","50,92"
1997M3,,,,"74,87","73,93","86,00","64,78","77,27","93,46","40,78","53,38","28,60","50,96",,"50,68","45,69","64,86","50,54"
1997M4,,,,"73,73","72,48","88,43","62,45","75,77","89,60","39,60","51,66","27,93","49,30",,"48,02","42,52","64,46","50,86"
1997M5,,,,"73,42","70,65","106,21","64,12","75,73","91,32","40,44","53,31","28,00","50,88",,"51,02","45,59","67,26","50,74"
1997M6,,,,"69,79","67,65","95,18","63,25","72,34","89,53","40,23","52,80","28,07","50,70",,"48,41","42,04","66,77","49,67"
1997M7,,,,"68,67","67,08","87,49","62,53","71,27","88,82","39,16","52,09","26,67","49,84",,"48,70","43,43","64,66","49,24"
1997M8,,,,"68,12","66,65","85,50","61,56","70,32","85,25","39,28","52,14","26,84","50,05",,"50,13","45,01","67,94","50,43"
1997M9,,,,"68,17","66,64","86,28","59,45","70,10","83,11","38,26","50,05","26,86","48,18",,"51,21","44,67","73,71","49,70"
1997M10,,,,"67,76","66,59","81,61","57,60","69,34","80,06","37,64","48,67","26,98","47,10",,"53,84","47,63","75,37","49,01"
1997M11,,,,"68,17","67,12","80,61","56,73","69,72","80,24","36,30","47,39","25,58","45,87",,"51,52","45,23","74,24","45,46"
1997M12,,,,"72,82","71,61","87,07","53,68","73,08","74,81","34,68","45,28","24,43","44,09",,"46,56","41,28","66,29","43,94"
1998M1,,,,"70,11","68,53","88,74","51,91","70,35","71,97","34,17","43,94","24,73","43,05",,"42,05","36,33","62,78","43,75"
1998M2,,,,"69,62","67,99","88,95","52,31","70,34","75,20","34,31","43,21","25,71","42,79",,"40,49","34,03","62,00","44,63"
1998M3,,,,"69,76","68,64","83,05","52,25","70,33","74,17","34,40","43,54","25,56","43,05",,"38,58","31,90","61,39","43,50"
1998M4,,,,"71,67","70,74","82,65","52,34","71,94","73,73","35,16","43,84","26,76","43,61",,"39,18","32,29","62,63","43,47"
1998M5,,,,"71,81","71,12","80,04","51,05","71,96","72,96","33,98","42,34","25,89","42,08",,"39,27","33,69","58,92","43,05"
1998M6,,,,"69,54","69,06","75,21","49,43","69,85","71,91","32,58","40,49","24,93","39,97",,"36,58","30,36","58,75","42,62"
1998M7,,,,"66,66","66,22","71,81","48,75","67,05","69,68","32,68","40,43","25,18","40,14",,"36,74","31,00","57,75","42,01"
1998M8,,,,"64,63","63,87","73,60","48,29","65,29","69,74","31,93","39,77","24,35","39,35",,"35,26","30,54","53,26","39,11"
1998M9,,,,"63,63","62,98","71,25","48,85","64,56","70,89","32,21","40,09","24,60","39,54",,"37,85","32,80","55,04","39,84"
1998M10,,,,"65,19","64,78","70,02","47,36","65,69","69,11","31,73","38,71","24,98","38,23",,"36,58","30,60","52,74","39,58"
1998M11,,,,"66,07","65,65","71,04","47,18","66,36","68,33","31,69","38,78","24,85","38,30",,"34,62","27,71","54,71","39,34"
1998M12,,,,"64,33","63,74","71,31","46,11","64,85","68,34","30,92","37,27","24,78","37,03",,"30,92","24,09","49,48","39,34"
1999M1,,,,"65,05","64,63","69,99","45,90","65,66","69,79","30,42","36,40","24,64","36,43",,"32,58","26,14","50,20","39,19"
1999M2,,,,"60,27","59,73","66,67","46,23","61,48","69,66","30,84","36,92","24,97","37,15",,"31,46","25,24","48,98","39,10"
1999M3,,,,"58,43","57,94","64,27","46,77","60,00","70,58","30,94","37,30","24,79","37,42",,"34,98","30,59","49,12","38,06"
1999M4,,,,"59,33","59,17","61,19","47,48","60,63","69,41","31,50","38,77","24,48","38,67",,"40,73","37,66","53,01","38,06"
1999M5,,,,"59,84","59,73","61,13","48,93","61,33","71,43","31,86","39,99","24,01","39,69",,"42,05","38,77","56,54","38,06"
1999M6,,,,"58,13","57,97","60,06","48,15","59,81","71,12","30,81","39,02","22,87","38,79",,"42,72","39,31","57,95","38,22"
1999M7,,,,"56,24","56,30","55,64","49,92","58,02","70,07","32,06","41,90","22,54","41,36",,"47,30","45,41","58,47","37,08"
1999M8,,,,"57,69","57,95","54,60","50,77","59,27","69,96","32,71","43,14","22,62","42,51",,"51,40","48,05","66,29","36,58"
1999M9,,,,"58,31","58,69","53,72","52,89","60,07","72,03","34,11","45,28","23,30","44,56",,"54,87","52,73","65,15","36,08"
1999M10,,,,"58,20","58,35","56,43","53,06","60,12","73,13","35,86","45,09","26,93","44,72",,"55,67","51,80","70,13","35,73"
1999M11,,,,"57,67","57,36","61,36","53,53","59,63","72,92","35,60","45,82","25,71","45,39",,"58,05","57,07","65,86","36,15"
1999M12,,,,"58,01","57,65","62,26","54,23","59,85","72,30","35,90","47,05","25,13","46,61",,"59,42","59,06","66,93","35,43"
2000M1,,,,"58,24","58,50","55,15","55,49","59,92","71,26","37,07","49,22","25,33","48,65",,"62,42","59,63","75,87","35,59"
2000M2,,,,"58,68","59,25","52,01","57,25","60,76","74,78","38,70","50,28","27,51","50,58",,"66,61","65,42","79,46","36,24"
2000M3,,,,"59,67","60,34","51,70","57,24","61,76","75,96","37,96","49,81","26,52","50,08",,"67,23","66,34","82,78","36,85"
2000M4,,,,"62,05","63,09","49,75","55,62","63,78","75,44","36,53","47,74","25,69","47,95",,"61,41","56,79","88,17","37,27"
2000M5,,,,"61,20","62,17","49,65","56,71","63,15","76,37","37,03","48,90","25,57","49,06",,"68,96","67,35","93,34","38,48"
2000M6,,,,"59,02","59,98","47,67","54,83","61,10","75,14","36,53","46,76","26,64","47,56",,"75,50","72,15","105,18","39,22"
2000M7,,,,"57,27","58,09","47,57","54,80","59,37","73,57","36,79","47,34","26,58","48,29",,"73,04","68,97","104,95","39,22"
2000M8,,,,"56,05","57,05","44,22","54,08","57,98","71,06","36,67","47,33","26,36","48,54",,"76,56","72,87","111,38","39,22"
2000M9,,,,"55,60","56,55","44,35","56,11","57,81","72,72","37,66","49,50","26,21","50,40",,"83,12","80,36","120,14","40,33"
2000M10,,,,"55,21","56,22","43,31","53,72","57,31","71,51","36,12","46,64","25,94","47,84",,"82,64","79,17","123,77","41,24"
2000M11,,,,"55,65","56,87","41,18","53,20","57,91","73,20","35,40","45,26","25,87","46,77",,"85,15","81,70","130,20","39,68"
2000M12,,,,"58,58","60,22","39,26","52,64","59,84","68,31","36,46","46,41","26,84","48,36",,"84,13","63,26","174,93","48,87"
2001M1,,,,"57,16","58,58","40,38","53,38","59,00","71,44","36,42","46,20","26,97","48,68",,"83,18","64,56","163,93","50,03"
2001M2,,,,"56,35","57,57","42,02","52,73","58,24","70,97","35,75","45,48","26,34","47,68",,"76,92","68,24","127,44","49,56"
2001M3,,,,"57,58","58,99","41,01","50,66","58,85","67,42","34,59","44,00","25,49","45,52",,"72,36","63,40","123,29","50,81"
2001M4,,,,"57,85","59,42","39,35","50,78","59,27","68,90","34,12","43,58","24,97","44,84",,"73,38","65,63","123,39","51,48"
2001M5,,,,"59,25","60,90","39,78","51,45","60,38","67,97","35,15","44,89","25,73","45,94",,"73,76","70,74","110,90","51,09"
2001M6,,,,"58,87","60,68","37,51","50,33","60,12","68,56","34,03","43,09","25,28","44,05",,"71,15","69,92","105,36","51,16"
2001M7,,,,"60,18","62,23","36,01","48,23","60,96","66,22","32,64","41,08","24,49","41,71",,"64,97","64,28","93,13","50,92"
2001M8,,,,"60,25","62,28","36,35","46,87","60,84","64,80","31,84","39,75","24,20","39,96",,"66,10","65,64","89,65","50,62"
2001M9,,,,"58,24","60,20","34,99","45,52","58,86","63,12","31,70","38,52","25,10","38,90",,"62,72","63,12","78,99","49,06"
2001M10,,,,"57,08","59,03","34,02","43,78","57,47","60,10","30,74","37,29","24,41","37,31",,"55,43","52,57","78,68","48,75"
2001M11,,,,"56,08","57,81","35,63","44,94","56,72","61,00","31,12","38,56","23,93","38,33",,"50,47","47,77","74,01","45,42"
2001M12,,,,"55,91","57,54","36,61","45,18","56,50","60,47","31,59","39,10","24,34","39,27",,"49,72","47,55","73,54","43,15"
2002M1,,,,"57,50","59,20","37,41","46,24","57,94","60,92","32,48","40,40","24,83","40,55",,"49,58","49,58","67,56","43,81"
2002M2,,,,"57,90","59,47","39,44","47,03","58,59","63,20","33,00","40,60","25,65","40,56",,"51,27","52,03","68,57","43,77"
2002M3,,,,"60,88","62,30","44,13","47,72","61,05","62,18","33,73","41,97","25,76","41,95",,"59,61","61,34","78,44","43,09"
2002M4,,,,"61,01","62,47","43,68","47,95","61,26","62,96","34,09","41,99","26,46","42,06",,"63,67","65,64","83,68","41,40"
2002M5,,,,"60,17","61,74","41,60","47,69","60,58","63,34","34,25","41,47","27,26","41,57",,"64,47","65,23","86,37","40,41"
2002M6,,,,"59,62","61,15","41,54","49,27","60,51","66,59","34,96","42,38","27,79","42,43",,"61,47","61,09","83,03","37,94"
2002M7,,,,"61,61","63,15","43,40","49,74","62,63","69,52","34,36","41,88","27,08","41,84",,"63,71","62,78","85,09","35,41"
2002M8,,,,"61,50","62,97","44,04","48,90","62,72","70,98","33,36","40,13","26,82","40,24",,"64,74","65,72","80,84","33,62"
2002M9,,,,"62,42","63,56","48,98","49,77","63,92","74,08","33,70","40,11","27,50","40,28",,"69,06","69,38","87,65","35,36"
2002M10,,,,"64,87","66,08","50,53","49,88","66,00","73,63","33,77","40,44","27,32","40,57",,"70,19","67,74","97,89","39,96"
2002M11,,,,"63,57","64,74","49,74","51,14","64,84","73,47","34,77","42,27","27,53","42,13",,"65,50","60,40","97,12","39,59"
2002M12,,,,"64,48","65,69","50,30","51,30","65,70","73,89","35,15","42,32","28,23","42,07",,"72,64","67,45","106,14","39,59"
2003M1,"65,34","69,50","54,86","65,01","65,99","53,49","53,44","66,40","75,82","37,26","44,55","30,22","44,27","56,04","80,49","72,89","119,61","40,35"
2003M2,"70,35","75,05","55,54","65,34","66,25","54,51","54,59","66,76","76,40","38,09","45,92","30,51","45,63","60,63","91,76","77,81","153,07","40,38"
2003M3,"65,83","70,19","55,03","64,75","66,02","49,79","53,92","66,20","75,99","36,95","45,15","29,02","44,77","68,49","81,45","71,81","128,15","37,15"
2003M4,"61,87","65,89","55,22","66,19","67,56","49,91","53,28","67,65","77,52","35,53","43,64","27,69","43,01","65,28","71,48","60,68","121,18","36,42"
2003M5,"63,06","66,97","55,80","66,45","68,00","48,09","53,77","67,53","74,86","37,48","45,38","29,83","44,74","62,03","73,57","60,03","126,96","35,97"
2003M6,"64,36","68,41","55,76","65,80","67,56","44,97","54,90","67,16","76,35","38,00","46,38","29,90","45,65","61,16","76,80","63,94","126,43","39,18"
2003M7,"63,28","67,26","54,61","63,22","64,70","45,69","55,49","64,97","76,82","38,19","47,01","29,67","46,33","62,90","75,84","66,28","115,80","41,51"
2003M8,"64,44","68,47","55,20","63,63","65,13","45,99","56,46","65,44","77,65","39,09","48,04","30,43","47,39","62,06","77,80","69,46","115,61","42,79"
2003M9,"64,50","68,36","58,87","69,60","71,49","47,31","57,42","70,84","79,23","40,24","48,75","32,01","48,23","64,61","72,63","62,54","111,53","46,91"
2003M10,"67,45","71,65","61,28","72,57","74,89","45,08","60,76","73,91","83,04","41,79","51,91","32,01","51,04","65,01","76,39","65,68","111,14","49,50"
2003M11,"67,38","71,47","61,00","70,39","72,55","44,86","62,84","72,07","83,45","43,61","54,65","32,93","53,61","68,23","76,61","65,81","110,27","53,28"
2003M12,"70,51","74,79","61,87","69,96","71,89","47,16","65,55","71,44","81,47","46,64","59,22","34,47","57,99","70,28","83,00","66,16","132,27","56,02"
2004M1,"73,12","77,65","64,05","71,59","73,40","50,11","69,87","73,16","83,78","49,64","64,34","35,42","62,97","71,25","86,24","68,05","131,25","60,87"
2004M2,"72,88","77,46","64,97","72,11","74,05","49,27","72,82","73,87","85,73","51,02","67,69","34,90","66,05","70,48","84,32","67,85","121,16","64,71"
2004M3,"75,53","80,39","67,08","76,22","78,58","48,34","72,65","77,40","85,33","51,35","67,60","35,64","66,53","67,91","87,76","74,06","121,83","70,40"
2004M4,"76,48","81,47","67,35","77,48","80,11","46,43","71,60","78,46","85,07","50,55","66,24","35,38","65,31","66,52","89,68","74,83","127,73","77,38"
2004M5,"79,74","85,29","66,85","78,50","81,19","46,74","69,59","79,72","87,96","47,46","62,29","33,12","60,98","65,36","98,39","83,74","135,88","83,94"
2004M6,"78,39","83,70","66,13","75,53","77,78","48,96","71,71","77,04","87,24","49,33","65,54","33,65","63,80","69,22","96,11","78,65","136,81","94,07"
2004M7,"79,72","85,13","65,49","73,03","75,19","47,56","73,00","74,54","84,76","50,97","68,33","34,18","66,39","74,90","100,31","83,30","134,22","100,08"
2004M8,"80,96","86,49","63,44","69,36","71,10","48,82","71,59","71,28","84,27","50,30","66,55","34,59","65,04","78,19","106,31","93,07","127,93","94,68"
2004M9,"80,59","86,04","63,98","70,10","71,83","49,72","71,96","71,91","84,15","50,69","67,11","34,82","65,43","78,87","104,62","91,88","127,14","89,68"
2004M10,"86,39","92,36","64,52","69,29","71,21","46,59","74,02","71,14","83,68","52,87","70,18","36,13","68,38","83,67","118,03","102,44","148,38","89,61"
2004M11,"83,73","89,22","65,82","71,34","73,10","50,63","73,47","72,63","81,35","53,71","70,34","37,63","68,67","87,00","109,63","90,04","147,07","87,53"
2004M12,"82,57","87,90","67,55","75,25","76,95","55,12","72,79","75,65","78,40","53,79","70,56","37,56","68,64","85,15","104,29","82,11","150,56","82,08"
2005M1,"85,43","91,25","68,65","74,93","76,51","56,26","78,99","75,86","82,14","56,59","77,73","36,15","74,89","82,23","109,69","91,39","147,10","80,46"
2005M2,"87,44","93,50","70,58","77,72","79,02","62,34","80,64","78,30","82,21","57,76","80,01","36,25","77,04","83,86","111,84","94,73","148,17","74,33"
2005M3,"94,52","101,28","72,90","79,89","80,94","67,50","84,09","80,79","86,86","59,70","82,99","37,17","79,83","87,81","125,79","108,14","160,71","74,09"
2005M4,"94,07","100,83","71,31","77,36","78,50","63,89","82,87","78,34","84,98","59,02","82,04","36,76","78,94","90,65","127,00","108,67","169,70","75,07"
2005M5,"91,60","98,14","71,68","78,39","79,54","64,74","82,50","79,33","85,69","58,33","81,23","36,18","78,16","92,52","120,43","103,67","161,12","74,83"
2005M6,"95,47","102,37","70,34","75,16","75,93","66,05","83,02","76,54","85,87","59,03","81,88","36,94","78,87","93,22","131,81","119,08","167,63","77,11"
2005M7,"97,85","105,07","69,66","74,46","75,52","61,85","82,35","76,07","87,01","58,06","80,50","36,37","77,51","92,07","138,62","126,04","180,44","78,74"
2005M8,"103,80","111,58","69,84","72,99","74,05","60,45","84,91","75,02","88,78","60,01","83,37","37,43","80,17","93,36","152,93","136,70","206,67","73,44"
2005M9,"107,69","115,74","70,13","72,83","74,16","57,23","84,82","75,03","89,84","60,44","82,82","38,81","79,78","97,08","162,01","136,43","249,08","70,45"
2005M10,"107,18","115,05","70,54","72,73","73,96","58,12","85,35","75,01","90,46","61,35","83,32","40,10","80,51","99,28","160,18","130,48","271,52","64,34"
2005M11,"101,20","108,32","70,76","72,09","73,19","59,17","86,90","74,29","89,17","63,08","85,99","40,93","83,21","98,51","145,22","125,09","227,39","58,94"
2005M12,"106,18","113,57","73,03","73,31","74,40","60,43","91,38","75,37","89,32","67,53","92,20","43,67","89,09","96,22","154,14","127,72","259,58","61,27"
2006M1,"107,91","115,13","76,30","75,28","75,85","68,49","97,74","77,54","92,82","72,84","99,70","46,87","96,12","95,10","153,63","139,48","207,70","66,48"
2006M2,"106,11","113,08","77,82","76,71","77,40","68,49","100,82","79,23","96,29","74,58","102,61","47,49","98,94","91,09","147,02","134,83","194,65","74,36"
2006M3,"106,83","113,86","78,45","77,36","78,34","65,79","101,68","79,74","95,84","75,53","104,00","48,00","100,52","89,86","147,87","137,27","186,11","80,27"
2006M4,"115,70","123,25","83,94","80,41","81,64","65,91","112,84","82,47","96,35","85,59","119,39","52,92","115,25","91,00","161,63","151,89","193,19","83,21"
2006M5,"119,89","127,33","91,52","86,04","87,82","65,09","126,78","88,01","101,32","97,01","136,90","58,45","131,71","89,57","160,93","149,63","184,08","78,90"
2006M6,"117,23","125,09","87,16","83,82","85,47","64,34","120,49","86,55","105,03","88,43","126,64","51,48","121,32","83,08","160,72","149,83","184,01","79,51"
2006M7,"121,71","129,74","89,52","83,33","84,69","67,24","127,98","85,94","103,63","95,35","137,66","54,44","131,40","84,68","168,28","158,95","185,01","80,90"
2006M8,"122,41","130,53","89,90","81,97","82,96","70,32","131,41","84,64","102,69","98,04","142,82","54,74","136,34","87,99","169,44","156,60","197,22","81,35"
2006M9,"112,61","119,93","88,82","81,45","82,46","69,51","130,35","83,69","98,83","96,64","142,88","51,93","136,03","88,58","147,03","136,17","169,38","74,83"
2006M10,"110,80","118,03","89,71","81,65","82,74","68,74","134,80","83,87","98,88","99,00","149,08","50,59","141,11","84,64","141,31","127,44","179,96","72,58"
2006M11,"113,44","120,58","91,34","83,78","84,74","72,47","133,35","85,41","96,44","100,44","148,02","54,44","140,99","89,96","145,41","126,58","198,94","71,87"
2006M12,"115,55","122,92","92,65","84,14","84,92","75,03","136,83","86,20","100,08","102,15","151,44","54,49","143,96","96,08","148,68","131,15","188,90","78,34"
2007M1,"110,95","117,78","93,55","85,68","86,57","75,24","135,85","87,99","103,57","100,82","148,68","54,56","141,47","107,47","136,12","116,85","186,64","78,94"
2007M2,"116,78","123,96","96,50","87,42","88,49","74,80","140,50","89,82","106,03","105,05","154,20","57,53","146,93","115,63","146,10","124,72","203,43","79,93"
2007M3,"119,50","127,09","98,74","87,14","88,28","73,75","148,55","89,29","103,82","110,58","166,32","56,68","157,57","128,48","149,54","130,38","192,31","82,15"
2007M4,"126,34","134,48","104,35","90,69","92,07","74,41","161,18","92,64","105,83","119,98","183,18","58,88","172,99","129,75","158,15","138,96","196,18","81,84"
2007M5,"126,75","135,05","104,43","90,13","91,34","75,78","164,09","92,30","107,02","121,25","186,78","57,90","176,10","123,27","159,03","139,33","198,93","80,78"
2007M6,"127,19","135,64","101,83","90,61","91,49","80,29","154,06","92,30","103,70","114,57","174,08","57,04","164,76","122,18","163,89","146,30","196,21","88,80"
2007M7,"129,72","138,36","101,56","92,35","93,30","81,12","149,04","93,60","102,02","111,79","167,72","57,71","159,08","123,67","170,44","155,94","179,71","97,31"
2007M8,"125,45","133,61","97,83","91,63","92,76","78,33","136,61","92,41","97,65","103,89","152,10","57,28","144,80","123,58","165,40","148,70","181,52","99,84"
2007M9,"131,78","140,24","100,89","95,51","96,64","82,21","137,46","96,58","103,80","105,12","150,84","60,91","143,95","128,56","176,47","161,06","179,13","100,51"
2007M10,"139,39","148,32","104,18","98,30","99,51","84,08","141,01","99,02","103,92","109,44","155,76","64,67","149,06","134,83","190,31","170,51","196,67","112,18"
2007M11,"147,67","157,07","104,93","99,24","100,74","81,49","137,15","100,23","106,93","108,29","149,16","68,78","143,64","149,83","209,50","186,79","203,23","134,12"
2007M12,"147,64","157,06","105,86","104,14","105,87","83,72","129,79","104,41","106,23","103,26","139,15","68,56","134,73","163,19","208,07","184,76","206,94","144,07"
2008M1,"154,45","163,86","112,78","107,17","108,71","89,02","143,70","107,60","110,47","115,59","156,90","75,64","151,42","173,09","214,72","185,82","232,45","147,74"
2008M2,"161,37","171,27","119,01","113,04","113,95","102,31","150,67","113,08","113,32","122,28","165,51","80,47","161,41","187,26","222,65","190,65","241,09","189,11"
2008M3,"171,38","181,99","124,72","118,15","119,46","102,71","157,51","117,74","114,99","128,71","174,41","84,53","170,06","203,22","238,88","202,05","252,13","186,01"
2008M4,"177,83","189,71","123,98","118,07","119,82","97,42","155,29","117,60","114,40","124,71","171,54","79,42","166,62","230,76","255,74","215,50","278,71","177,87"
2008M5,"189,89","203,32","124,87","120,14","122,03","97,83","149,58","119,68","116,58","119,63","162,70","77,99","158,80","281,23","283,94","245,10","296,93","192,47"
2008M6,"199,57","214,09","125,87","123,16","124,85","103,17","146,09","122,53","118,31","116,91","157,13","78,03","153,83","293,07","306,18","263,49","320,37","227,11"
2008M7,"202,80","217,22","127,02","122,69","124,28","103,88","145,83","122,42","120,57","117,97","155,87","81,32","152,48","318,25","312,41","264,61","321,28","268,89"
2008M8,"181,10","193,98","118,71","113,87","114,77","103,21","137,31","114,04","115,22","107,92","146,09","71,03","140,84","332,07","271,34","234,58","282,19","245,24"
2008M9,"165,92","177,17","112,60","106,33","106,98","98,60","131,04","107,23","113,36","102,61","138,07","68,33","131,82","329,00","243,04","208,16","268,34","234,96"
2008M10,"135,64","143,68","97,27","93,23","94,02","83,94","107,97","94,21","100,86","87,31","110,80","64,61","105,67","271,26","191,15","155,62","271,68","174,59"
2008M11,"115,08","121,20","89,16","87,76","88,27","81,79","97,87","88,91","96,70","79,35","98,34","60,99","94,22","210,77","152,56","117,93","253,00","144,49"
2008M12,"102,51","106,72","87,08","87,33","87,86","81,08","92,50","87,49","88,60","79,22","94,04","64,88","90,41","173,39","124,84","87,29","233,79","117,79"
2009M1,"105,37","109,51","89,97","88,71","88,88","86,75","96,26","89,14","92,05","83,06","97,94","68,68","94,61","187,30","127,65","93,86","219,67","120,31"
2009M2,"101,64","104,59","89,41","85,11","85,04","86,00","94,66","85,62","89,06","86,14","96,88","75,75","94,70","196,92","119,33","91,37","197,18","113,62"
2009M3,"101,66","104,78","88,73","86,26","86,55","82,79","90,83","86,22","85,96","83,47","92,76","74,49","91,10","196,92","120,36","102,36","168,76","92,06"
2009M4,"103,87","107,55","91,90","92,14","92,76","84,75","95,66","91,78","89,34","85,02","98,17","72,31","96,11","176,04","121,18","109,58","141,58","95,88"
2009M5,"112,43","116,74","96,62","98,28","99,23","87,05","101,13","97,71","93,81","89,48","104,04","75,40","101,68","162,26","135,30","124,15","147,52","92,68"
2009M6,"121,53","126,71","98,42","96,98","97,72","88,27","109,44","96,46","92,93","96,28","116,00","77,21","112,88","159,22","154,96","145,27","147,90","100,77"
2009M7,"117,04","121,82","98,18","93,55","93,94","89,00","116,47","93,52","93,29","100,31","125,69","75,77","120,90","157,03","144,34","135,32","133,28","102,48"
2009M8,"123,64","129,03","101,41","92,27","92,28","92,06","132,28","93,00","97,95","111,19","145,93","77,60","139,60","136,96","155,81","148,97","127,30","105,35"
2009M9,"120,10","124,66","99,42","91,12","90,72","95,84","124,22","92,08","98,56","107,69","134,42","81,85","130,22","133,47","150,02","140,53","125,57","99,88"
2009M10,"127,56","132,53","102,84","93,84","93,48","98,03","129,51","94,84","101,64","112,69","140,59","85,71","136,23","130,09","163,31","151,23","142,08","103,67"
2009M11,"132,46","137,23","107,25","96,20","96,12","97,13","136,64","97,55","106,67","119,90","148,56","92,19","143,85","131,82","168,93","157,29","136,92","110,01"
2009M12,"135,09","140,09","110,39","97,91","97,69","100,43","143,62","99,70","111,84","124,05","156,26","92,91","150,85","141,00","170,82","153,65","161,90","116,63"
2010M1,"140,88","146,69","113,78","98,57","98,52","99,18","155,54","100,68","114,96","131,40","171,66","92,48","165,24","140,70","180,07","160,03","177,86","138,32"
2010M2,"137,55","143,19","112,41","98,20","98,35","96,42","152,49","100,39","115,23","128,04","167,30","90,08","160,62","143,64","173,92","157,63","169,58","134,28"
2010M3,"142,13","148,12","117,42","100,81","101,25","95,55","165,23","103,31","120,26","136,89","183,10","92,21","175,46","140,51","177,88","168,42","156,59","135,87"
2010M4,"150,04","156,60","124,47","103,44","103,80","99,17","184,91","106,58","127,88","150,72","207,59","95,74","198,19","135,15","187,02","179,93","159,72","144,40"
2010M5,"141,23","146,28","119,26","100,04","100,19","98,29","169,62","103,36","125,81","142,45","187,03","99,36","179,56","130,44","173,00","165,69","160,59","147,42"
2010M6,"138,31","142,78","114,62","96,95","96,35","104,01","157,66","100,59","125,21","135,14","170,55","100,91","164,56","123,60","172,58","165,14","167,51","146,48"
2010M7,"138,55","143,41","115,56","102,64","102,13","108,67","152,00","105,04","121,28","130,44","164,21","97,80","158,64","128,50","171,79","160,71","167,56","143,54"
2010M8,"142,36","147,45","121,09","104,85","104,40","110,15","165,73","107,32","124,00","140,33","182,31","99,73","175,04","140,84","173,14","162,19","162,98","137,29"
2010M9,"145,00","149,89","125,67","109,71","109,67","110,15","169,15","112,34","130,11","144,04","184,67","104,76","178,18","147,89","172,97","161,72","157,33","138,17"
2010M10,"152,69","157,81","131,84","113,30","113,52","110,69","179,76","116,77","140,30","152,67","195,45","111,31","189,19","156,20","182,85","168,87","154,74","144,90"
2010M11,"157,83","163,27","135,58","114,66","114,62","115,09","187,75","119,19","149,85","158,03","202,82","114,72","197,08","164,50","190,00","175,61","161,17","160,57"
2010M12,"166,80","173,07","142,49","121,68","121,91","118,97","198,18","126,62","160,00","164,62","213,36","117,49","207,65","165,85","201,96","190,30","168,21","177,97"
2011M1,"172,98","180,26","147,43","125,97","125,78","128,13","209,96","131,89","171,99","169,21","225,06","115,21","218,17","168,84","209,94","194,39","178,88","195,96"
2011M2,"179,47","187,33","152,97","130,14","129,47","138,16","221,18","137,49","187,21","175,07","234,69","117,43","227,71","169,55","217,79","202,93","177,99","187,41"
2011M3,"185,47","193,55","150,70","129,37","128,42","140,68","210,78","136,42","184,07","170,99","221,39","122,27","217,02","167,23","235,77","223,07","177,53","191,07"
2011M4,"194,87","203,56","154,98","133,29","132,80","139,08","215,45","140,15","186,51","176,63","226,95","127,98","223,98","165,33","252,57","236,05","198,01","190,10"
2011M5,"187,74","195,29","151,09","130,48","129,80","138,57","204,14","135,29","167,84","172,84","218,57","128,64","214,77","177,64","240,75","219,71","204,99","184,76"
2011M6,"185,94","193,12","150,02","128,32","127,85","133,92","200,95","133,39","167,63","171,21","214,19","129,66","210,63","198,34","237,89","214,77","210,25","183,60"
2011M7,"188,47","195,54","151,03","127,39","126,96","132,52","202,72","131,82","161,74","175,55","219,01","133,52","215,62","206,17","242,63","219,52","217,90","182,27"
2011M8,"184,13","189,05","151,92","127,09","126,56","133,28","196,14","130,42","152,96","179,73","213,30","147,28","211,33","209,45","230,73","203,03","218,60","182,62"
2011M9,"182,11","186,65","147,57","121,39","120,64","130,31","190,25","125,07","149,96","176,26","206,27","147,25","204,01","212,45","232,07","208,90","216,76","182,79"
2011M10,"175,68","180,47","138,72","118,45","118,25","120,87","171,25","121,51","142,21","159,24","182,79","136,46","180,13","205,49","229,15","206,16","219,25","177,13"
2011M11,"178,04","182,42","137,49","118,19","118,06","119,73","162,94","119,98","132,14","158,47","175,18","142,32","173,97","203,91","236,70","218,33","215,85","168,94"
2011M12,"174,76","179,56","133,71","115,21","115,08","116,83","161,58","116,87","128,10","154,52","174,89","134,82","172,44","190,23","234,14","218,88","215,90","165,01"
2012M1,"177,62","182,70","136,82","117,70","117,84","115,96","168,93","119,67","132,99","158,93","183,22","135,45","180,17","183,33","236,64","225,89","208,45","170,13"
2012M2,"183,13","188,05","140,79","120,09","120,59","114,19","173,19","122,37","137,76","165,00","187,27","143,47","185,55","185,18","244,38","236,12","201,94","170,88"
2012M3,"187,23","193,25","141,54","122,11","123,10","110,44","172,91","123,86","135,71","162,50","187,70","138,14","185,48","211,31","253,33","248,16","207,26","161,72"
2012M4,"184,23","190,12","141,22","121,01","122,17","107,30","171,85","122,92","135,82","160,46","186,18","135,60","183,33","243,03","246,44","239,28","210,00","157,25"
2012M5,"173,35","178,59","135,33","115,85","116,53","107,80","163,82","118,03","132,79","152,44","176,15","129,51","173,00","244,15","228,35","220,83","210,92","146,91"
2012M6,"162,08","165,95","132,33","115,71","116,76","103,30","156,91","116,78","124,02","149,63","169,98","129,96","167,20","207,38","205,12","194,36","215,89","132,15"
2012M7,"167,31","171,80","134,40","122,36","123,56","108,29","154,09","122,48","123,22","147,54","166,36","129,35","163,60","193,46","214,92","208,47","212,23","132,84"
2012M8,"171,97","176,69","132,98","123,49","124,88","107,09","144,49","123,05","120,05","143,04","154,21","132,23","153,37","192,79","228,38","225,86","207,68","135,88"
2012M9,"173,71","177,55","134,56","121,24","122,34","108,25","147,15","121,41","122,55","149,90","156,92","143,10","158,11","189,62","230,33","224,39","209,34","133,30"
2012M10,"172,10","175,73","135,09","120,25","121,51","105,37","151,50","120,66","123,48","152,70","162,63","143,09","163,00","186,04","225,63","217,89","210,36","126,19"
2012M11,"169,75","173,36","133,64","119,00","120,53","100,90","151,29","119,46","122,61","151,62","162,69","140,91","162,73","175,78","221,98","214,74","211,88","129,06"
2012M12,"170,54","174,53","134,97","118,94","120,67","98,48","158,32","119,62","124,26","154,94","171,85","138,58","170,84","174,43","221,99","213,42","212,28","137,71"
2013M1,"174,69","179,32","137,67","120,26","122,10","98,55","167,26","121,08","126,63","160,01","183,41","137,38","181,15","171,51","228,25","222,01","211,42","136,23"
2013M2,"176,18","181,36","137,07","119,48","121,34","97,54","168,51","120,19","125,01","159,65","185,81","134,36","183,32","173,33","232,74","228,81","210,96","137,72"
2013M3,"171,59","176,56","133,86","119,71","121,60","97,36","158,76","120,27","124,03","151,47","172,56","131,07","170,77","169,80","226,16","221,55","220,00","133,45"
2013M4,"168,32","173,90","131,93","121,89","124,08","95,96","154,44","122,08","123,43","143,86","166,77","121,72","163,99","167,81","220,96","213,31","224,22","130,09"
2013M5,"167,17","173,27","130,40","124,17","126,58","95,72","150,04","124,52","126,89","137,22","159,24","115,93","156,61","155,46","220,35","215,01","217,33","129,87"
2013M6,"164,70","171,17","126,48","121,84","124,60","89,19","144,35","122,19","124,56","130,79","152,21","110,08","149,60","152,79","219,98","213,78","217,09","124,11"
2013M7,"166,67","173,86","124,94","120,16","122,61","91,21","145,45","120,03","119,12","130,34","155,92","105,61","152,38","149,55","227,02","226,91","208,63","115,16"
2013M8,"169,31","176,26","125,81","117,12","119,29","91,49","150,92","117,44","119,64","136,75","163,36","111,03","160,07","146,72","232,23","230,85","205,96","115,32"
2013M9,"168,68","175,54","123,29","113,54","115,60","89,18","149,04","114,29","119,31","135,57","160,86","111,11","157,82","139,82","234,34","231,74","208,49","116,28"
2013M10,"166,01","172,86","122,19","112,80","114,90","88,04","149,07","113,57","118,76","134,36","161,12","108,49","157,75","132,97","229,39","222,32","206,73","124,41"
2013M11,"164,30","171,32","122,03","113,62","115,96","86,07","149,22","114,26","118,58","132,89","161,39","105,32","157,70","133,13","225,44","217,61","207,32","127,66"
2013M12,"167,89","175,77","122,54","115,19","117,22","91,14","150,68","115,97","121,22","131,21","162,38","101,07","157,93","138,00","233,48","222,57","220,20","129,53"
2014M1,"166,69","174,27","122,92","115,75","117,76","91,94","147,82","116,12","118,61","130,66","159,43","102,85","155,69","153,71","230,00","216,11","225,96","127,05"
2014M2,"170,99","178,55","125,21","119,76","121,05","104,55","144,71","119,59","118,40","130,71","155,16","107,06","152,13","161,48","237,21","220,88","243,43","119,47"
2014M3,"169,83","176,93","128,42","127,13","128,10","115,68","140,43","126,39","121,42","128,59","147,98","109,85","146,03","163,02","229,73","218,15","226,91","114,78"
2014M4,"171,00","178,57","129,64","129,57","130,64","117,00","143,18","128,16","118,60","129,54","152,95","106,90","150,14","157,53","230,83","219,94","223,77","114,58"
2014M5,"168,76","176,18","125,51","124,46","125,38","113,63","139,71","123,47","116,75","127,15","148,83","106,18","146,56","142,96","231,32","221,71","221,73","115,14"
2014M6,"169,07","176,61","123,37","121,59","122,51","110,71","137,35","121,03","117,20","125,22","145,35","105,77","143,63","143,53","235,19","228,15","220,16","112,73"
2014M7,"165,68","172,54","123,61","119,18","119,79","112,02","139,59","118,54","114,23","128,84","149,67","108,71","148,11","152,76","226,54","221,56","203,72","108,29"
2014M8,"160,14","166,51","120,09","114,28","114,20","115,17","137,52","113,64","109,34","127,57","148,72","107,12","146,77","147,63","218,06","212,79","204,16","108,14"
2014M9,"155,06","161,37","116,45","112,20","112,03","114,30","131,65","111,51","106,78","121,53","141,53","102,19","139,55","145,29","210,91","207,61","202,38","103,49"
2014M10,"146,43","151,91","114,22","111,90","111,37","118,11","126,43","110,99","104,88","117,17","134,99","99,94","132,73","137,31","193,02","188,07","198,33","100,28"
2014M11,"139,60","144,73","112,73","111,20","111,11","112,30","125,04","110,48","105,56","114,13","132,78","96,10","130,22","136,79","178,46","170,23","206,29","99,00"
2014M12,"126,23","129,62","110,81","109,18","109,18","109,16","119,96","108,66","105,09","111,77","125,88","98,14","124,28","138,16","148,55","134,86","199,80","98,84"
2015M1,"114,22","115,80","108,38","104,76","104,54","107,45","115,77","104,72","104,44","110,95","120,27","101,94","119,58","143,84","122,68","108,34","181,97","92,89"
2015M2,"117,59","119,77","105,68","101,97","101,53","107,12","112,90","102,43","105,57","107,75","115,81","99,95","115,38","139,90","134,81","126,23","175,04","99,39"
2015M3,"113,57","115,74","102,63","99,11","98,95","100,94","110,26","99,58","102,79","104,52","113,23","96,10","112,69","135,13","129,40","123,82","167,06","95,97"
2015M4,"114,84","116,98","103,41","100,93","100,88","101,48","109,02","101,31","103,87","104,15","111,07","97,46","110,77","132,65","131,38","134,67","140,46","89,95"
2015M5,"118,69","121,25","105,03","100,83","100,77","101,58","113,79","101,45","105,67","107,21","117,02","97,72","116,23","143,84","138,45","144,43","134,90","95,93"
2015M6,"116,50","118,98","103,63","100,70","100,30","105,46","109,54","101,06","103,45","103,76","111,97","95,82","111,12","148,63","135,12","141,63","132,32","92,30"
2015M7,"109,74","111,92","100,13","100,54","100,16","105,14","101,34","100,39","99,37","96,57","102,12","91,21","101,46","137,70","123,66","126,59","130,76","90,27"
2015M8,"102,52","103,99","97,73","97,61","97,09","103,82","99,68","97,55","97,14","95,24","100,69","89,97","99,87","130,65","109,45","105,85","133,47","87,29"
2015M9,"102,36","103,75","97,07","96,66","96,29","100,99","99,13","96,44","94,96","95,49","100,78","90,38","99,87","127,33","110,02","106,80","129,94","84,03"
2015M10,"102,32","103,39","97,34","97,25","96,82","102,33","97,18","96,95","94,94","95,77","98,07","93,55","98,13","122,92","109,52","108,35","123,45","79,58"
2015M11,"96,23","97,27","92,48","93,47","92,77","101,66","91,35","93,56","94,19","88,64","90,21","87,12","89,99","118,70","101,65","101,21","114,83","82,38"
2015M12,"90,75","91,34","90,96","93,00","92,35","100,59","88,24","93,11","93,85","85,78","86,01","85,55","85,95","113,96","90,45","85,53","115,68","78,56"
2016M1,"85,32","85,03","90,71","92,45","92,32","93,97","87,71","92,63","93,88","86,33","85,26","87,37","85,06","108,18","77,53","70,15","107,30","77,45"
2016M2,"87,37","86,38","93,75","93,56","93,63","92,81","90,70","93,64","94,18","92,31","89,32","95,20","89,23","112,92","78,14","72,26","98,65","79,02"
2016M3,"93,61","92,90","97,86","96,98","97,08","95,75","96,52","96,79","95,50","98,00","96,92","99,04","96,50","115,55","87,46","86,75","90,00","81,13"
2016M4,"96,76","96,45","99,87","99,75","100,07","95,92","99,37","99,80","100,15","99,11","99,07","99,16","98,79","110,18","92,26","93,79","86,17","80,03"
2016M5,"100,58","100,55","100,02","101,16","101,44","97,79","97,25","101,11","100,83","98,33","95,83","100,74","96,26","100,47","101,39","105,65","86,76","80,39"
2016M6,"103,21","103,32","100,99","103,40","103,58","101,27","96,63","103,05","100,71","98,44","95,01","101,74","95,35","94,22","106,42","109,86","96,98","85,19"
2016M7,"102,83","102,34","103,40","103,87","103,88","103,68","101,09","103,72","102,73","104,15","100,44","107,74","101,74","88,78","102,00","103,17","100,90","94,61"
2016M8,"103,31","102,84","102,99","102,18","102,12","102,89","102,01","102,09","101,44","105,30","102,24","108,26","103,58","91,65","103,77","103,94","103,12","102,08"
2016M9,"103,36","103,03","102,10","101,99","101,71","105,38","100,40","101,91","101,38","103,42","100,01","106,72","101,15","89,67","105,17","104,46","104,93","106,87"
2016M10,"106,57","107,15","100,88","101,07","100,64","106,06","101,01","101,02","100,70","101,34","101,13","101,54","101,24","92,77","114,81","115,85","105,70","133,55"
2016M11,"105,45","106,17","103,68","101,55","101,20","105,73","111,67","101,70","102,70","107,21","115,24","99,46","113,85","97,27","108,00","107,41","100,29","149,04"
2016M12,"111,64","113,84","103,75","102,05","102,33","98,75","115,63","102,53","105,80","106,06","119,53","93,04","117,24","98,34","123,05","126,70","119,18","130,65"
2017M1,"115,91","118,22","107,33","106,22","106,54","102,44","118,06","106,67","109,74","108,70","121,37","96,46","119,35","102,88","128,33","128,75","132,79","132,05"
2017M2,"116,37","118,35","109,71","106,52","107,02","100,58","123,83","107,16","111,52","114,14","128,72","100,03","126,47","102,97","126,00","130,13","116,41","125,78"
2017M3,"110,87","112,25","107,10","103,07","103,44","98,75","121,68","103,68","107,77","113,14","127,21","99,54","124,88","96,98","116,32","121,94","102,45","122,37"
2017M4,"110,98","112,06","105,14","102,28","102,80","96,05","114,31","102,99","107,83","109,43","116,89","102,22","115,94","92,82","119,42","124,52","105,36","124,29"
2017M5,"108,84","109,87","104,62","104,35","105,22","94,04","110,61","104,81","107,95","105,83","111,67","100,19","110,77","86,75","114,94","117,84","106,22","113,44"
2017M6,"105,64","106,17","103,85","103,72","104,52","94,26","107,98","103,66","103,25","105,67","109,86","101,62","109,49","85,51","108,24","108,21","102,25","121,71"
2017M7,"108,48","109,55","106,02","106,04","106,86","96,26","113,04","105,59","102,59","108,23","117,19","99,58","115,68","87,44","112,04","110,83","103,83","128,17"
2017M8,"111,37","112,35","106,59","101,61","102,08","96,11","120,12","101,76","102,77","115,07","127,02","103,53","125,06","92,81","118,29","114,85","108,32","140,99"
2017M9,"114,57","115,61","106,51","100,28","100,85","93,53","119,49","100,61","102,86","115,92","126,10","106,07","124,48","100,95","126,23","120,90","117,56","146,06"
2017M10,"116,09","117,62","105,92","101,03","101,65","93,62","117,54","100,98","100,70","113,61","124,23","103,33","122,59","103,42","130,80","126,43","122,85","144,50"
2017M11,"120,85","122,90","106,53","101,41","102,29","91,06","118,95","101,46","101,80","114,59","125,77","103,77","124,18","102,11","141,56","138,15","134,51","144,25"
2017M12,"122,58","125,02","107,14","101,08","102,28","86,82","122,82","101,47","104,16","115,87","130,23","101,99","127,87","105,40","144,91","140,34","140,64","149,27"
2018M1,"129,84","132,46","111,66","104,43","105,82","88,08","128,98","105,12","109,77","122,01","136,61","107,90","134,41","106,61","156,13","149,22","155,09","155,44"
2018M2,"126,82","129,10","112,02","104,66","105,89","90,06","129,86","105,39","110,35","122,27","137,62","107,43","134,88","109,63","148,24","141,81","142,65","152,57"
2018M3,"126,36","128,66","111,43","105,77","106,91","92,35","126,24","106,39","110,59","119,31","132,47","106,60","129,99","108,50","147,97","143,34","139,09","146,08"
2018M4,"128,37","130,79","111,51","105,64","106,72","92,84","127,01","106,16","109,69","120,31","133,89","107,17","131,13","103,54","152,74","153,86","124,49","144,06"
2018M5,"133,05","136,29","111,94","107,16","108,36","92,97","127,44","107,54","110,07","119,35","134,35","104,85","131,46","103,36","163,58","167,08","132,98","157,78"
2018M6,"131,97","135,28","109,87","102,91","104,08","89,05","128,27","103,89","110,55","119,04","135,31","103,31","132,29","108,70","163,93","165,24","143,58","167,86"
2018M7,"130,27","133,79","106,08","100,19","101,33","86,65","121,71","101,27","108,62","113,01","126,91","99,58","124,17","110,38","165,27","167,92","140,46","172,74"
2018M8,"127,98","131,57","103,13","96,18","97,36","82,27","119,66","97,45","105,98","110,59","125,10","96,56","122,20","116,96","163,92","165,28","149,06","164,69"
2018M9,"132,43","136,55","103,62","97,25","98,63","81,03","118,91","98,23","104,80","110,28","124,52","96,50","121,82","121,94","174,09","174,66","162,72","163,48"
2018M10,"133,43","137,51","105,53","99,31","100,42","86,15","120,71","99,80","103,15","112,69","127,68","98,20","125,09","123,88","173,77","179,06","154,85","158,98"
2018M11,"121,85","124,57","102,85","95,10","95,86","86,20","118,81","95,86","101,00","112,13","125,89","98,82","123,70","118,76","149,34","146,29","161,98","147,78"
2018M12,"115,96","117,77","103,94","97,40","98,69","82,21","117,53","98,20","103,56","111,89","123,09","101,06","121,53","113,17","133,35","126,08","153,36","150,03"
2019M1,"117,08","118,62","105,86","99,12","100,47","83,19","118,84","99,69","103,54","114,71","124,92","104,84","123,80","112,04","133,30","131,42","133,18","145,34"
2019M2,"119,01","120,51","107,23","97,62","98,77","84,03","125,81","98,39","103,61","120,81","134,63","107,45","132,99","105,24","136,05","142,53","111,27","135,11"
2019M3,"119,91","121,69","107,23","96,78","98,06","81,67","127,54","97,90","105,41","121,11","136,34","106,38","134,77","110,54","138,26","148,86","102,54","128,62"
2019M4,"123,42","125,72","109,35","100,00","101,57","81,46","129,66","100,60","104,68","121,92","139,58","104,85","137,18","117,56","143,77","160,45","96,21","116,65"
2019M5,"120,48","122,47","107,39","96,78","98,09","81,23","129,33","97,89","105,44","121,16","138,83","104,08","135,97","114,93","139,41","157,12","91,08","114,94"
2019M6,"115,53","116,28","110,00","98,98","100,21","84,41","130,99","99,75","104,96","125,34","141,34","109,87","138,66","112,39","123,53","139,92","78,39","104,39"
2019M7,"117,97","118,51","111,80","99,06","100,27","84,77","134,43","99,38","101,49","130,73","147,53","114,48","144,91","110,89","126,89","144,45","78,89","106,29"
2019M8,"112,09","111,19","107,89","96,93","98,26","81,19","123,20","97,02","97,62","126,91","133,36","120,67","132,45","77,69","118,18","136,17","73,99","95,41"
2019M9,"114,81","114,10","108,63","95,08","96,05","83,54","124,10","95,37","97,36","128,68","134,73","122,84","134,85","109,45","123,74","142,33","80,85","94,13"
2019M10,"113,01","112,25","107,83","95,42","96,38","84,01","121,74","95,48","95,92","126,84","132,00","121,84","132,57","104,47","120,51","135,55","83,54","101,83"
2019M11,"116,98","116,89","108,60","99,41","100,28","89,22","119,01","99,39","99,19","123,45","126,89","120,13","128,06","98,23","129,10","142,60","96,16","109,96"
2019M12,"119,99","120,19","111,44","103,04","104,02","91,49","122,09","102,54","99,12","126,11","131,21","121,18","132,48","97,43","132,37","149,22","87,37","114,81"
2020M1,"119,57","118,95","114,14","104,14","105,40","89,24","124,49","103,89","102,19","131,15","133,35","129,02","136,10","96,74","127,41","145,14","76,92","119,18"
2020M2,"110,94","109,02","111,37","100,12","101,11","88,38","118,31","99,97","98,97","129,42","126,00","132,72","130,61","102,52","110,31","126,53","61,64","114,74"
2020M3,"93,73","89,91","107,59","96,44","97,20","87,50","113,21","96,37","95,85","124,55","120,11","128,84","122,14","108,37","73,68","76,22","60,00","101,16"
2020M4,"83,97","78,22","105,54","92,42","92,93","86,33","108,41","92,28","91,33","125,34","115,19","135,15","117,68","109,35","52,77","50,45","48,70","87,55"
2020M5,"91,33","86,11","108,22","95,63","96,52","85,16","112,80","94,98","90,56","129,60","121,64","137,30","123,22","92,63","66,92","72,25","43,63","80,47"
2020M6,"99,88","95,48","111,95","98,42","99,81","82,07","120,72","97,60","92,05","135,67","132,11","139,11","133,17","88,55","82,42","92,83","43,38","81,57"
2020M7,"103,08","98,04","114,27","96,49","97,64","82,98","125,86","95,96","92,36","143,91","139,17","148,49","140,88","91,90","86,90","98,08","45,93","78,36"
2020M8,"108,93","103,41","119,67","97,94","98,62","89,89","133,78","97,66","95,73","154,70","148,91","160,30","152,31","100,26","93,38","99,85","67,13","79,45"
2020M9,"108,21","103,03","120,43","99,35","100,00","91,67","136,65","99,10","97,43","154,73","152,24","157,14","155,34","97,31","90,53","93,32","75,92","81,86"
2020M10,"110,62","105,91","122,56","103,79","105,35","85,39","137,76","103,82","103,98","153,18","151,18","155,12","153,96","96,56","93,34","91,57","93,41","87,05"
2020M11,"115,14","111,28","125,48","106,79","108,41","87,63","144,38","107,13","109,40","155,41","158,29","152,63","160,37","100,67","100,19","96,88","102,12","98,94"
2020M12,"125,54","122,92","130,18","107,93","109,50","89,32","159,49","107,94","108,05","166,12","179,93","152,77","180,23","103,84","118,82","110,07","130,63","127,84"
2021M1,"137,39","136,02","136,42","114,34","116,42","89,79","167,37","113,93","111,17","171,69","189,71","154,27","189,60","122,44","138,81","120,32","182,88","135,00"
2021M2,"140,57","140,08","138,58","117,39","119,48","92,76","170,25","116,66","111,70","171,87","193,53","150,94","193,73","138,22","143,44","136,26","146,86","133,71"
2021M3,"141,25","141,65","140,27","120,01","122,26","93,37","174,96","119,29","114,47","171,28","199,01","144,48","198,49","149,87","142,66","145,10","110,64","141,68"
2021M4,"145,04","145,48","146,22","126,84","129,75","92,34","181,24","125,20","114,13","177,89","207,91","148,86","207,62","148,74","143,34","142,87","126,15","141,59"
2021M5,"155,67","156,46","155,95","134,27","137,29","98,57","198,17","132,29","118,89","192,49","229,68","156,54","227,95","148,20","155,27","149,65","152,30","156,40"
2021M6,"161,72","163,39","154,86","129,29","131,71","100,65","203,75","127,97","119,09","194,96","237,41","153,92","233,77","163,02","171,66","162,28","176,07","183,89"
2021M7,"166,14","168,56","154,45","130,15","132,17","106,24","202,23","127,89","112,61","193,94","237,85","151,49","233,70","163,97","183,05","167,08","209,93","205,25"
2021M8,"163,76","166,12","149,15","130,76","132,40","111,36","183,27","128,11","110,18","179,70","212,33","148,16","209,45","165,37","184,89","157,23","246,06","231,34"
2021M9,"172,67","176,10","144,30","128,34","129,15","118,78","167,86","125,78","108,46","168,12","191,47","145,54","188,94","195,28","213,71","166,18","345,33","260,61"
2021M10,"192,39","198,05","147,46","130,51","131,14","123,06","172,16","128,24","112,83","170,06","195,74","145,24","192,49","225,75","257,37","188,48","458,47","338,06"
2021M11,"183,84","188,14","146,84","131,91","132,36","126,61","161,53","129,90","116,29","163,82","179,51","148,66","178,39","250,89","237,35","184,64","418,74","235,57"
2021M12,"186,94","191,89","149,33","134,68","135,13","129,34","168,62","132,05","114,32","166,99","190,20","144,55","186,29","251,17","241,34","169,41","506,70","236,18"
2022M1,"190,90","196,03","155,05","138,96","139,82","128,79","182,85","136,22","117,71","177,86","208,74","148,00","203,99","223,69","242,76","194,55","392,14","298,62"